{
	"id": "9c184961-158c-446f-a01a-de590a11b7da",
	"name": "Greentex-Stage",
	"values": [
		{
			"key": "base_url",
			"value": "",
			"type": "default",
			"enabled": true
		},
		{
			"key": "contact_endpoint",
			"value": "",
			"type": "default",
			"enabled": true
		},
		{
			"key": "products_list",
			"value": "",
			"type": "default",
			"enabled": true
		},
		{
			"key": "product_detail",
			"value": "",
			"type": "default",
			"enabled": true
		}
	],
	"_postman_variable_scope": "environment",
	"_postman_exported_at": "2025-11-14T01:02:26.833Z",
	"_postman_exported_using": "Postman/11.71.5"
}